"filename", "language", "Gradle", "JSON", "Markdown", "Batch", "Java Properties", "Excel", "Java", "comment", "blank", "total"
"/home/samuel/Documents/code/FRC/Crescendo/.Glass/glass.json", "JSON", 0, 374, 0, 0, 0, 0, 0, 0, 1, 375
"/home/samuel/Documents/code/FRC/Crescendo/.wpilib/wpilib_preferences.json", "JSON", 0, 6, 0, 0, 0, 0, 0, 0, 0, 6
"/home/samuel/Documents/code/FRC/Crescendo/AdvantageScope Orlando.json", "JSON", 0, 171, 0, 0, 0, 0, 0, 0, 1, 172
"/home/samuel/Documents/code/FRC/Crescendo/DriverStation/shuffleboard.json", "JSON", 0, 98, 0, 0, 0, 0, 0, 0, 0, 98
"/home/samuel/Documents/code/FRC/Crescendo/WPILib-License.md", "Markdown", 0, 0, 22, 0, 0, 0, 0, 0, 3, 25
"/home/samuel/Documents/code/FRC/Crescendo/build.gradle", "Gradle", 72, 0, 0, 0, 0, 0, 0, 19, 22, 113
"/home/samuel/Documents/code/FRC/Crescendo/field-readings.xlsx", "Excel", 0, 0, 0, 0, 0, 86, 0, 0, 0, 86
"/home/samuel/Documents/code/FRC/Crescendo/gradle/wrapper/gradle-wrapper.properties", "Java Properties", 0, 0, 0, 0, 7, 0, 0, 0, 1, 8
"/home/samuel/Documents/code/FRC/Crescendo/gradlew.bat", "Batch", 0, 0, 0, 41, 0, 0, 0, 30, 22, 93
"/home/samuel/Documents/code/FRC/Crescendo/networktables.json", "JSON", 0, 1, 0, 0, 0, 0, 0, 0, 1, 2
"/home/samuel/Documents/code/FRC/Crescendo/orlando-field-calibration.xlsx", "Excel", 0, 0, 0, 0, 0, 88, 0, 0, 0, 88
"/home/samuel/Documents/code/FRC/Crescendo/settings.gradle", "Gradle", 28, 0, 0, 0, 0, 0, 0, 0, 3, 31
"/home/samuel/Documents/code/FRC/Crescendo/simgui-ds.json", "JSON", 0, 92, 0, 0, 0, 0, 0, 0, 1, 93
"/home/samuel/Documents/code/FRC/Crescendo/simgui.json", "JSON", 0, 19, 0, 0, 0, 0, 0, 0, 1, 20
"/home/samuel/Documents/code/FRC/Crescendo/src/main/deploy/pathplanner/navgrid.json", "JSON", 0, 1, 0, 0, 0, 0, 0, 0, 0, 1
"/home/samuel/Documents/code/FRC/Crescendo/src/main/java/frc/lib/Gains.java", "Java", 0, 0, 0, 0, 0, 0, 11, 4, 5, 20
"/home/samuel/Documents/code/FRC/Crescendo/src/main/java/frc/lib/JoystickMap.java", "Java", 0, 0, 0, 0, 0, 0, 23, 4, 11, 38
"/home/samuel/Documents/code/FRC/Crescendo/src/main/java/frc/lib/PinkPIDConstants.java", "Java", 0, 0, 0, 0, 0, 0, 46, 34, 18, 98
"/home/samuel/Documents/code/FRC/Crescendo/src/main/java/frc/lib/pathing/ChoreoUtil.java", "Java", 0, 0, 0, 0, 0, 0, 124, 2, 13, 139
"/home/samuel/Documents/code/FRC/Crescendo/src/main/java/frc/lib/pathing/events/ChoreoEvent.java", "Java", 0, 0, 0, 0, 0, 0, 23, 0, 8, 31
"/home/samuel/Documents/code/FRC/Crescendo/src/main/java/frc/lib/pathing/events/ChoreoEventHandler.java", "Java", 0, 0, 0, 0, 0, 0, 32, 0, 11, 43
"/home/samuel/Documents/code/FRC/Crescendo/src/main/java/frc/robot/Constants.java", "Java", 0, 0, 0, 0, 0, 0, 100, 10, 28, 138
"/home/samuel/Documents/code/FRC/Crescendo/src/main/java/frc/robot/Main.java", "Java", 0, 0, 0, 0, 0, 0, 8, 13, 5, 26
"/home/samuel/Documents/code/FRC/Crescendo/src/main/java/frc/robot/Robot.java", "Java", 0, 0, 0, 0, 0, 0, 65, 55, 24, 144
"/home/samuel/Documents/code/FRC/Crescendo/src/main/java/frc/robot/RobotContainer.java", "Java", 0, 0, 0, 0, 0, 0, 202, 84, 46, 332
"/home/samuel/Documents/code/FRC/Crescendo/src/main/java/frc/robot/commands/AdjustIntakeAngle.java", "Java", 0, 0, 0, 0, 0, 0, 27, 11, 11, 49
"/home/samuel/Documents/code/FRC/Crescendo/src/main/java/frc/robot/commands/autos/LeaveZone.java", "Java", 0, 0, 0, 0, 0, 0, 29, 0, 5, 34
"/home/samuel/Documents/code/FRC/Crescendo/src/main/java/frc/robot/commands/autos/ShootCenterClose.java", "Java", 0, 0, 0, 0, 0, 0, 14, 8, 5, 27
"/home/samuel/Documents/code/FRC/Crescendo/src/main/java/frc/robot/commands/autos/StealMidBlueMoving.java", "Java", 0, 0, 0, 0, 0, 0, 416, 4, 85, 505
"/home/samuel/Documents/code/FRC/Crescendo/src/main/java/frc/robot/commands/autos/StealMidBlueStatic.java", "Java", 0, 0, 0, 0, 0, 0, 416, 4, 85, 505
"/home/samuel/Documents/code/FRC/Crescendo/src/main/java/frc/robot/commands/autos/StealMidRedMoving.java", "Java", 0, 0, 0, 0, 0, 0, 412, 4, 85, 501
"/home/samuel/Documents/code/FRC/Crescendo/src/main/java/frc/robot/commands/autos/StealMidRedStatic.java", "Java", 0, 0, 0, 0, 0, 0, 412, 4, 85, 501
"/home/samuel/Documents/code/FRC/Crescendo/src/main/java/frc/robot/commands/autos/SweepNotesBlue.java", "Java", 0, 0, 0, 0, 0, 0, 104, 9, 9, 122
"/home/samuel/Documents/code/FRC/Crescendo/src/main/java/frc/robot/commands/autos/SweepNotesMiniBlue.java", "Java", 0, 0, 0, 0, 0, 0, 86, 4, 8, 98
"/home/samuel/Documents/code/FRC/Crescendo/src/main/java/frc/robot/commands/autos/SweepNotesMiniRed.java", "Java", 0, 0, 0, 0, 0, 0, 84, 4, 8, 96
"/home/samuel/Documents/code/FRC/Crescendo/src/main/java/frc/robot/commands/autos/SweepNotesRed.java", "Java", 0, 0, 0, 0, 0, 0, 107, 4, 9, 120
"/home/samuel/Documents/code/FRC/Crescendo/src/main/java/frc/robot/commands/autos/TwoNoteBlue.java", "Java", 0, 0, 0, 0, 0, 0, 147, 4, 21, 172
"/home/samuel/Documents/code/FRC/Crescendo/src/main/java/frc/robot/commands/autos/TwoNoteRed.java", "Java", 0, 0, 0, 0, 0, 0, 146, 4, 21, 171
"/home/samuel/Documents/code/FRC/Crescendo/src/main/java/frc/robot/commands/climber/ClimbSequence.java", "Java", 0, 0, 0, 0, 0, 0, 15, 9, 6, 30
"/home/samuel/Documents/code/FRC/Crescendo/src/main/java/frc/robot/commands/drive/JoystickDrive.java", "Java", 0, 0, 0, 0, 0, 0, 61, 13, 23, 97
"/home/samuel/Documents/code/FRC/Crescendo/src/main/java/frc/robot/commands/intake/AmpShot.java", "Java", 0, 0, 0, 0, 0, 0, 45, 9, 9, 63
"/home/samuel/Documents/code/FRC/Crescendo/src/main/java/frc/robot/commands/intake/CollectNoteAuto.java", "Java", 0, 0, 0, 0, 0, 0, 18, 10, 4, 32
"/home/samuel/Documents/code/FRC/Crescendo/src/main/java/frc/robot/commands/intake/CollectNoteV2.java", "Java", 0, 0, 0, 0, 0, 0, 26, 0, 4, 30
"/home/samuel/Documents/code/FRC/Crescendo/src/main/java/frc/robot/commands/intake/IntakeActions.java", "Java", 0, 0, 0, 0, 0, 0, 21, 0, 3, 24
"/home/samuel/Documents/code/FRC/Crescendo/src/main/java/frc/robot/commands/shooter/AlignShoot.java", "Java", 0, 0, 0, 0, 0, 0, 47, 9, 14, 70
"/home/samuel/Documents/code/FRC/Crescendo/src/main/java/frc/robot/commands/shooter/AutoShootV2.java", "Java", 0, 0, 0, 0, 0, 0, 29, 9, 12, 50
"/home/samuel/Documents/code/FRC/Crescendo/src/main/java/frc/robot/commands/shooter/LimelightAngle.java", "Java", 0, 0, 0, 0, 0, 0, 50, 11, 14, 75
"/home/samuel/Documents/code/FRC/Crescendo/src/main/java/frc/robot/commands/shooter/ShootNote.java", "Java", 0, 0, 0, 0, 0, 0, 30, 9, 9, 48
"/home/samuel/Documents/code/FRC/Crescendo/src/main/java/frc/robot/commands/shooter/ShootNoteAuto.java", "Java", 0, 0, 0, 0, 0, 0, 25, 9, 8, 42
"/home/samuel/Documents/code/FRC/Crescendo/src/main/java/frc/robot/commands/shooter/ShootNoteTargetVisible.java", "Java", 0, 0, 0, 0, 0, 0, 32, 9, 9, 50
"/home/samuel/Documents/code/FRC/Crescendo/src/main/java/frc/robot/commands/shooter/ShooterTune.java", "Java", 0, 0, 0, 0, 0, 0, 46, 9, 14, 69
"/home/samuel/Documents/code/FRC/Crescendo/src/main/java/frc/robot/commands/shooter/SmartLuanch.java", "Java", 0, 0, 0, 0, 0, 0, 51, 0, 13, 64
"/home/samuel/Documents/code/FRC/Crescendo/src/main/java/frc/robot/commands/shooter/SmartShooting.java", "Java", 0, 0, 0, 0, 0, 0, 69, 10, 15, 94
"/home/samuel/Documents/code/FRC/Crescendo/src/main/java/frc/robot/commands/shooter/SmartShootingHorizontal.java", "Java", 0, 0, 0, 0, 0, 0, 36, 9, 11, 56
"/home/samuel/Documents/code/FRC/Crescendo/src/main/java/frc/robot/commands/turret/TurretVectoring.java", "Java", 0, 0, 0, 0, 0, 0, 54, 1, 12, 67
"/home/samuel/Documents/code/FRC/Crescendo/src/main/java/frc/robot/subsystems/Angle.java", "Java", 0, 0, 0, 0, 0, 0, 136, 4, 33, 173
"/home/samuel/Documents/code/FRC/Crescendo/src/main/java/frc/robot/subsystems/ClimberR2.java", "Java", 0, 0, 0, 0, 0, 0, 138, 12, 27, 177
"/home/samuel/Documents/code/FRC/Crescendo/src/main/java/frc/robot/subsystems/Shooter.java", "Java", 0, 0, 0, 0, 0, 0, 191, 4, 44, 239
"/home/samuel/Documents/code/FRC/Crescendo/src/main/java/frc/robot/subsystems/SwerveSubsystem.java", "Java", 0, 0, 0, 0, 0, 0, 206, 17, 57, 280
"/home/samuel/Documents/code/FRC/Crescendo/src/main/java/frc/robot/subsystems/TurretSubsystem.java", "Java", 0, 0, 0, 0, 0, 0, 97, 7, 24, 128
"/home/samuel/Documents/code/FRC/Crescendo/src/main/java/frc/robot/subsystems/VisionSubsystem.java", "Java", 0, 0, 0, 0, 0, 0, 103, 11, 25, 139
"/home/samuel/Documents/code/FRC/Crescendo/src/main/java/frc/robot/subsystems/drive/SwerveModule.java", "Java", 0, 0, 0, 0, 0, 0, 19, 20, 16, 55
"/home/samuel/Documents/code/FRC/Crescendo/src/main/java/frc/robot/subsystems/drive/modules/WPI_SwerveModule.java", "Java", 0, 0, 0, 0, 0, 0, 129, 28, 43, 200
"/home/samuel/Documents/code/FRC/Crescendo/src/main/java/frc/robot/subsystems/intake/CollectorEncoderv2.java", "Java", 0, 0, 0, 0, 0, 0, 74, 0, 19, 93
"/home/samuel/Documents/code/FRC/Crescendo/src/main/java/frc/robot/subsystems/intake/Intake.java", "Java", 0, 0, 0, 0, 0, 0, 159, 13, 38, 210
"/home/samuel/Documents/code/FRC/Crescendo/src/test/java/CollectorTest.java", "Java", 0, 0, 0, 0, 0, 0, 55, 10, 24, 89
"/home/samuel/Documents/code/FRC/Crescendo/src/test/java/EventsTest.java", "Java", 0, 0, 0, 0, 0, 0, 26, 15, 11, 52
"/home/samuel/Documents/code/FRC/Crescendo/vendordeps/AdvantageKit.json", "JSON", 0, 42, 0, 0, 0, 0, 0, 0, 0, 42
"/home/samuel/Documents/code/FRC/Crescendo/vendordeps/ChoreoLib.json", "JSON", 0, 43, 0, 0, 0, 0, 0, 0, 0, 43
"/home/samuel/Documents/code/FRC/Crescendo/vendordeps/Phoenix6.json", "JSON", 0, 339, 0, 0, 0, 0, 0, 0, 0, 339
"/home/samuel/Documents/code/FRC/Crescendo/vendordeps/REVLib.json", "JSON", 0, 74, 0, 0, 0, 0, 0, 0, 0, 74
"/home/samuel/Documents/code/FRC/Crescendo/vendordeps/WPILibNewCommands.json", "JSON", 0, 38, 0, 0, 0, 0, 0, 0, 1, 39
"Total", "-", 100, 1298, 22, 41, 7, 174, 5022, 586, 1204, 8454